vdu_csdb.vnfc_csdb1|LINK_TO_DNSGW_DOWN
vdu_csdb.vnfc_csdb1|LINK_TO_PEER_SIPGW_DOWN
vdu_csdb.vnfc_csdb2|LINK_TO_DIA_DOWN
vdu_csdb.vnfc_csdb2|LINK_TO_DNSGW_DOWN
vdu_csdb.vnfc_csdb2|LINK_TO_LOGIC_DOWN
vdu_csdb.vnfc_csdb2|LINK_TO_PEER_SIPGW_DOWN
vdu_csdb.vnfc_csdb3|LINK_TO_PEER_DIAGW_DOWN
vdu_csdb.vnfc_csdb3|LINK_TO_PEER_SIPGW_DOWN
vdu_csdb.vnfc_csdb3|THRESHOLD_CROSSING
vdu_csdb.vnfc_csdb4|LINK_TO_DIAGW_DOWN
vdu_csdb.vnfc_csdb4|LINK_TO_DIA_DOWN
vdu_csdb.vnfc_csdb4|LINK_TO_MP_DOWN
vdu_csdb.vnfc_csdb4|LINK_TO_PEER_DIAGW_DOWN
vdu_csdb.vnfc_csdb4|LINK_TO_PEER_SIPGW_DOWN
vdu_csdia.vnfc_csdia1|CONGESTION
vdu_csdia.vnfc_csdia1|LINK_TO_LOGIC_DOWN
vdu_csdia.vnfc_csdia1|LINK_TO_PEER_DIAGW_DOWN
vdu_csdia.vnfc_csdia1|LINK_TO_PEER_SIPGW_DOWN
vdu_csdia.vnfc_csdia1|THRESHOLD_CROSSING
vdu_csdia.vnfc_csdia2|LINK_TO_DIA_DOWN
vdu_csdia.vnfc_csdia2|LINK_TO_DNSGW_DOWN
vdu_csdia.vnfc_csdia2|LINK_TO_LOGIC_DOWN
vdu_csdia.vnfc_csdia2|LINK_TO_MP_DOWN
vdu_csdia.vnfc_csdia2|LINK_TO_PEER_DIAGW_DOWN
vdu_csdia.vnfc_csdia2|LINK_TO_PEER_SIPGW_DOWN
vdu_csdia.vnfc_csdia2|THRESHOLD_CROSSING
vdu_csdia.vnfc_csdia3|LINK_TO_DIAGW_DOWN
vdu_csdia.vnfc_csdia3|LINK_TO_DIA_DOWN
vdu_csdia.vnfc_csdia3|LINK_TO_DNSGW_DOWN
vdu_csdia.vnfc_csdia3|LINK_TO_LOGIC_DOWN
vdu_csdia.vnfc_csdia3|LINK_TO_PEER_DIAGW_DOWN
vdu_csdia.vnfc_csdia3|LINK_TO_PEER_SIPGW_DOWN
vdu_csdia.vnfc_csdia3|LINK_TO_RO_DOWN
vdu_csdia.vnfc_csdia3|LINK_TO_SH_DOWN
vdu_csdia.vnfc_csdia3|THRESHOLD_CROSSING
vdu_csdip.vnfc_csdip1|LINK_TO_LOGIC_DOWN
vdu_csdip.vnfc_csdip1|LINK_TO_PEER_SIPGW_DOWN
vdu_csdip.vnfc_csdip1|THRESHOLD_CROSSING
vdu_csdip.vnfc_csdip2|LINK_TO_LOGIC_DOWN
vdu_csdip.vnfc_csdip2|LINK_TO_PEER_SIPGW_DOWN
vdu_csdip.vnfc_csdip2|LINK_TO_RO_DOWN
vdu_csdip.vnfc_csdip2|LINK_TO_SH_DOWN
vdu_csdns.vnfc_csdns1|CONGESTION
vdu_csdns.vnfc_csdns1|LINK_TO_DIA_DOWN
vdu_csdns.vnfc_csdns1|LINK_TO_MP_DOWN
vdu_csdns.vnfc_csdns1|LINK_TO_PEER_DIAGW_DOWN
vdu_csdns.vnfc_csdns1|LINK_TO_PEER_SIPGW_DOWN
vdu_csdns.vnfc_csdns1|THRESHOLD_CROSSING
vdu_csdns.vnfc_csdns2|LINK_TO_LOGIC_DOWN
vdu_csdns.vnfc_csdns2|LINK_TO_MP_DOWN
vdu_csdns.vnfc_csdns2|LINK_TO_PEER_SIPGW_DOWN
vdu_csdns.vnfc_csdns3|CONGESTION
vdu_csdns.vnfc_csdns3|LINK_TO_DIA_DOWN
vdu_csdns.vnfc_csdns3|LINK_TO_LOGIC_DOWN
vdu_csdns.vnfc_csdns3|LINK_TO_MP_DOWN
vdu_csdns.vnfc_csdns3|LINK_TO_PEER_DIAGW_DOWN
vdu_csdns.vnfc_csdns3|LINK_TO_PEER_SIPGW_DOWN
vdu_csdns.vnfc_csdns3|THRESHOLD_CROSSING
vdu_cslg.imscore_call_setup_ratio|CONGESTION
vdu_cslg.imscore_call_setup_ratio|LINK_TO_DNSGW_DOWN
vdu_cslg.imscore_call_setup_ratio|LINK_TO_LOGIC_DOWN
vdu_cslg.imscore_call_setup_ratio|LINK_TO_PEER_DIAGW_DOWN
vdu_cslg.imscore_call_setup_ratio|LINK_TO_PEER_SIPGW_DOWN
vdu_cslg.imscore_call_setup_ratio|LINK_TO_SH_DOWN
vdu_cslg.imscore_call_setup_ratio|THRESHOLD_CROSSING
vdu_cslg.tr_CxTimeoutRate|LINK_TO_DIAGW_DOWN
vdu_cslg.tr_CxTimeoutRate|LINK_TO_LOGIC_DOWN
vdu_cslg.tr_CxTimeoutRate|LINK_TO_PEER_SIPGW_DOWN
vdu_cslg.tr_CxTimeoutRate|LINK_TO_SH_DOWN
vdu_cslg.tr_CxTimeoutRate|THRESHOLD_CROSSING
vdu_cslg.tr_sbcCounterTotAudioMoSession_decrease_rate|LINK_TO_DIAGW_DOWN
vdu_cslg.tr_sbcCounterTotAudioMoSession_decrease_rate|LINK_TO_DIA_DOWN
vdu_cslg.tr_sbcCounterTotAudioMoSession_decrease_rate|LINK_TO_DNSGW_DOWN
vdu_cslg.tr_sbcCounterTotAudioMoSession_decrease_rate|LINK_TO_MP_DOWN
vdu_cslg.tr_sbcCounterTotAudioMoSession_decrease_rate|LINK_TO_PEER_DIAGW_DOWN
vdu_cslg.tr_sbcCounterTotAudioMoSession_decrease_rate|LINK_TO_PEER_SIPGW_DOWN
vdu_cslg.tr_sbcCounterTotAudioMoSession_decrease_rate|THRESHOLD_CROSSING
vdu_cslg.tr_scscfOriginatingInviteToAs_decrease_rate|LINK_TO_DNSGW_DOWN
vdu_cslg.tr_scscfOriginatingInviteToAs_decrease_rate|LINK_TO_LOGIC_DOWN
vdu_cslg.tr_scscfOriginatingInviteToAs_decrease_rate|LINK_TO_PEER_SIPGW_DOWN
vdu_cslg.tr_scscfOriginatingInviteToAs_decrease_rate|THRESHOLD_CROSSING
vdu_cslg.tr_scscfOriginatingInviteToAs_increase_rate|LINK_TO_DIA_DOWN
vdu_cslg.tr_scscfOriginatingInviteToAs_increase_rate|LINK_TO_LOGIC_DOWN
vdu_cslg.tr_scscfOriginatingInviteToAs_increase_rate|LINK_TO_PEER_SIPGW_DOWN
vdu_cslg.tr_scscfOriginatingInviteToAs_increase_rate|LINK_TO_RO_DOWN
vdu_cslg.tr_scscfOriginatingInviteToAs_increase_rate|THRESHOLD_CROSSING
vdu_cslg.tr_scscfTerminatingInviteToAs_decrease_rate|LINK_TO_DNSGW_DOWN
vdu_cslg.tr_scscfTerminatingInviteToAs_decrease_rate|LINK_TO_LOGIC_DOWN
vdu_cslg.tr_scscfTerminatingInviteToAs_decrease_rate|LINK_TO_PEER_SIPGW_DOWN
vdu_cslg.tr_scscfTerminatingInviteToAs_increase_rate|LINK_TO_LOGIC_DOWN
vdu_cslg.tr_scscfTerminatingInviteToAs_increase_rate|LINK_TO_MP_DOWN
vdu_cslg.tr_scscfTerminatingInviteToAs_increase_rate|LINK_TO_PEER_SIPGW_DOWN
vdu_cslg.tr_scscfTotalInitialRegisterRequest_decrease_rate|LINK_TO_LOGIC_DOWN
vdu_cslg.tr_scscfTotalInitialRegisterRequest_decrease_rate|LINK_TO_PEER_DIAGW_DOWN
vdu_cslg.tr_scscfTotalInitialRegisterRequest_decrease_rate|LINK_TO_PEER_SIPGW_DOWN
vdu_cslg.tr_scscfTotalInitialRegisterRequest_decrease_rate|THRESHOLD_CROSSING
vdu_cslg.tr_scscfTotalUserActive_decrease_rate|LINK_TO_PEER_DIAGW_DOWN
vdu_cslg.tr_scscfTotalUserActive_decrease_rate|LINK_TO_PEER_SIPGW_DOWN
vdu_cslg.tr_scscfTotalUserActive_decrease_rate|LINK_TO_SH_DOWN
vdu_cslg.tr_scsfTotalInitialRegisterRequest_increase_rate|LINK_TO_LOGIC_DOWN
vdu_cslg.tr_scsfTotalInitialRegisterRequest_increase_rate|LINK_TO_PEER_SIPGW_DOWN
vdu_cslg.tr_scsfTotalInitialRegisterRequest_increase_rate|LINK_TO_SH_DOWN
vdu_cslg.tr_scsfTotalInitialRegisterRequest_increase_rate|THRESHOLD_CROSSING
vdu_cslg.vnfc_cslg1|CONGESTION
vdu_cslg.vnfc_cslg1|LINK_TO_DIAGW_DOWN
vdu_cslg.vnfc_cslg1|LINK_TO_DIA_DOWN
vdu_cslg.vnfc_cslg1|LINK_TO_DNSGW_DOWN
vdu_cslg.vnfc_cslg1|LINK_TO_LOGIC_DOWN
vdu_cslg.vnfc_cslg1|LINK_TO_PEER_SIPGW_DOWN
vdu_cslg.vnfc_cslg1|LINK_TO_SH_DOWN
vdu_cslg.vnfc_cslg1|THRESHOLD_CROSSING
vdu_cslg.vnfc_cslg2|LINK_TO_LOGIC_DOWN
vdu_cslg.vnfc_cslg2|LINK_TO_PEER_SIPGW_DOWN
vdu_cslg.vnfc_cslg3|LINK_TO_PEER_SIPGW_DOWN
vdu_cslg.vnfc_cslg4|LINK_TO_DIA_DOWN
vdu_cslg.vnfc_cslg4|LINK_TO_PEER_SIPGW_DOWN
vdu_cslg.vnfc_cslg4|LINK_TO_SH_DOWN
vdu_cslg.vnfc_cslg4|THRESHOLD_CROSSING
vdu_cslg.vnfc_cslg5|CONGESTION
vdu_cslg.vnfc_cslg5|LINK_TO_LOGIC_DOWN
vdu_cslg.vnfc_cslg5|LINK_TO_PEER_DIAGW_DOWN
vdu_cslg.vnfc_cslg5|LINK_TO_PEER_SIPGW_DOWN
vdu_cslg.vnfc_cslg5|THRESHOLD_CROSSING
vdu_cslg.vnfc_cslg6|LINK_TO_DIA_DOWN
vdu_cslg.vnfc_cslg6|LINK_TO_LOGIC_DOWN
vdu_cslg.vnfc_cslg6|LINK_TO_MP_DOWN
vdu_cslg.vnfc_cslg6|LINK_TO_PEER_SIPGW_DOWN
vdu_cslg.vnfc_cslg6|THRESHOLD_CROSSING
vdu_cssipe.vnfc_cssipe1|LINK_TO_LOGIC_DOWN
vdu_cssipe.vnfc_cssipe1|LINK_TO_PEER_SIPGW_DOWN
vdu_cssipe.vnfc_cssipe1|THRESHOLD_CROSSING
vdu_cssipe.vnfc_cssipe2|LINK_TO_DIA_DOWN
vdu_cssipe.vnfc_cssipe2|LINK_TO_PEER_SIPGW_DOWN
vdu_cssips.vnfc_cssips10|CONGESTION
vdu_cssips.vnfc_cssips10|LINK_TO_DIA_DOWN
vdu_cssips.vnfc_cssips10|LINK_TO_PEER_SIPGW_DOWN
vdu_cssips.vnfc_cssips10|LINK_TO_RO_DOWN
vdu_cssips.vnfc_cssips10|THRESHOLD_CROSSING
vdu_cssips.vnfc_cssips1|LINK_TO_DIAGW_DOWN
vdu_cssips.vnfc_cssips1|LINK_TO_DIA_DOWN
vdu_cssips.vnfc_cssips1|LINK_TO_DNS_SERVER_DOWN
vdu_cssips.vnfc_cssips1|LINK_TO_LOGIC_DOWN
vdu_cssips.vnfc_cssips1|LINK_TO_MP_DOWN
vdu_cssips.vnfc_cssips1|LINK_TO_PEER_SIPGW_DOWN
vdu_cssips.vnfc_cssips1|LINK_TO_SH_DOWN
vdu_cssips.vnfc_cssips1|THRESHOLD_CROSSING
vdu_cssips.vnfc_cssips2|LINK_TO_LOGIC_DOWN
vdu_cssips.vnfc_cssips2|LINK_TO_PEER_DIAGW_DOWN
vdu_cssips.vnfc_cssips2|LINK_TO_PEER_SIPGW_DOWN
vdu_cssips.vnfc_cssips2|THRESHOLD_CROSSING
vdu_cssips.vnfc_cssips3|LINK_TO_LOGIC_DOWN
vdu_cssips.vnfc_cssips3|LINK_TO_PEER_DIAGW_DOWN
vdu_cssips.vnfc_cssips3|LINK_TO_PEER_SIPGW_DOWN
vdu_cssips.vnfc_cssips3|THRESHOLD_CROSSING
vdu_cssips.vnfc_cssips4|LINK_TO_DIA_DOWN
vdu_cssips.vnfc_cssips4|LINK_TO_PEER_DIAGW_DOWN
vdu_cssips.vnfc_cssips4|LINK_TO_PEER_SIPGW_DOWN
vdu_cssips.vnfc_cssips5|LINK_TO_DIA_DOWN
vdu_cssips.vnfc_cssips5|LINK_TO_MP_DOWN
vdu_cssips.vnfc_cssips5|LINK_TO_PEER_SIPGW_DOWN
vdu_cssips.vnfc_cssips5|LINK_TO_RO_DOWN
vdu_cssips.vnfc_cssips5|THRESHOLD_CROSSING
vdu_cssips.vnfc_cssips6|LINK_TO_DIAGW_DOWN
vdu_cssips.vnfc_cssips6|LINK_TO_DNSGW_DOWN
vdu_cssips.vnfc_cssips6|LINK_TO_DNS_SERVER_DOWN
vdu_cssips.vnfc_cssips6|LINK_TO_PEER_SIPGW_DOWN
vdu_cssips.vnfc_cssips6|LINK_TO_SH_DOWN
vdu_cssips.vnfc_cssips6|THRESHOLD_CROSSING
vdu_cssips.vnfc_cssips7|LINK_TO_DIA_DOWN
vdu_cssips.vnfc_cssips7|LINK_TO_DNSGW_DOWN
vdu_cssips.vnfc_cssips7|LINK_TO_LOGIC_DOWN
vdu_cssips.vnfc_cssips7|LINK_TO_PEER_DIAGW_DOWN
vdu_cssips.vnfc_cssips7|LINK_TO_PEER_SIPGW_DOWN
vdu_cssips.vnfc_cssips8|LINK_TO_PEER_SIPGW_DOWN
vdu_cssips.vnfc_cssips8|LINK_TO_SH_DOWN
vdu_cssips.vnfc_cssips8|THRESHOLD_CROSSING
vdu_cssips.vnfc_cssips9|LINK_TO_PEER_SIPGW_DOWN
vdu_cssips.vnfc_cssips9|LINK_TO_SH_DOWN
vdu_cssips.vnfc_cssips9|THRESHOLD_CROSSING
vdu_ipsmdia.vnfc_ipsmdia1|LINK_TO_DNSGW_DOWN
vdu_ipsmdia.vnfc_ipsmdia1|LINK_TO_MP_DOWN
vdu_ipsmdia.vnfc_ipsmdia1|LINK_TO_PEER_DIAGW_DOWN
vdu_ipsmdia.vnfc_ipsmdia1|LINK_TO_PEER_SIPGW_DOWN
vdu_ipsmdia.vnfc_ipsmdia1|THRESHOLD_CROSSING
vdu_ipsmdia.vnfc_ipsmdia2|LINK_TO_LOGIC_DOWN
vdu_ipsmdia.vnfc_ipsmdia2|LINK_TO_MP_DOWN
vdu_ipsmdia.vnfc_ipsmdia2|LINK_TO_PEER_SIPGW_DOWN
vdu_ipsmdia.vnfc_ipsmdia2|LINK_TO_RO_DOWN
vdu_ipsmdia.vnfc_ipsmdia2|THRESHOLD_CROSSING
vdu_mgw.tr_mgw_H248_fail_ratio|LINK_TO_DIA_DOWN
vdu_mgw.tr_mgw_H248_fail_ratio|LINK_TO_LOGIC_DOWN
vdu_mgw.tr_mgw_H248_fail_ratio|LINK_TO_PEER_DIAGW_DOWN
vdu_mgw.tr_mgw_H248_fail_ratio|LINK_TO_PEER_SIPGW_DOWN
vdu_mgw.tr_mgw_H248_fail_ratio|THRESHOLD_CROSSING
vdu_mgw.tr_mgw_mp_fail_ratio|LINK_TO_LOGIC_DOWN
vdu_mgw.tr_mgw_mp_fail_ratio|LINK_TO_PEER_DIAGW_DOWN
vdu_mgw.tr_mgw_mp_fail_ratio|LINK_TO_PEER_SIPGW_DOWN
vdu_mgw.tr_mgw_mp_fail_ratio|THRESHOLD_CROSSING
vdu_mgw.vnfc_mgw1|LINK_TO_LOGIC_DOWN
vdu_mgw.vnfc_mgw1|LINK_TO_PEER_DIAGW_DOWN
vdu_mgw.vnfc_mgw1|LINK_TO_PEER_SIPGW_DOWN
vdu_mgw.vnfc_mgw1|THRESHOLD_CROSSING
vdu_mgw.vnfc_mgw2|LINK_TO_DIA_DOWN
vdu_mgw.vnfc_mgw2|LINK_TO_MP_DOWN
vdu_mgw.vnfc_mgw2|LINK_TO_PEER_DIAGW_DOWN
vdu_mgw.vnfc_mgw2|LINK_TO_PEER_SIPGW_DOWN
vdu_mgw.vnfc_mgw2|LINK_TO_SH_DOWN
vdu_mgw.vnfc_mgw2|THRESHOLD_CROSSING
vdu_mgw.vnfc_mgw3|LINK_TO_DIA_DOWN
vdu_mgw.vnfc_mgw3|LINK_TO_PEER_SIPGW_DOWN
vdu_mgw.vnfc_mgw3|LINK_TO_RO_DOWN
vdu_mgw.vnfc_mgw4|LINK_TO_LOGIC_DOWN
vdu_mgw.vnfc_mgw4|LINK_TO_PEER_SIPGW_DOWN
vdu_mgw.vnfc_mgw4|THRESHOLD_CROSSING
vdu_mgw.vnfc_mgw5|LINK_TO_PEER_SIPGW_DOWN
vdu_mgw.vnfc_mgw5|LINK_TO_SH_DOWN
vdu_mgw.vnfc_mgw6|LINK_TO_DIA_DOWN
vdu_mgw.vnfc_mgw6|LINK_TO_PEER_SIPGW_DOWN
vdu_mtdb.vnfc_mtdb1|LINK_TO_DIA_DOWN
vdu_mtdb.vnfc_mtdb1|LINK_TO_DNSGW_DOWN
vdu_mtdb.vnfc_mtdb1|LINK_TO_PEER_SIPGW_DOWN
vdu_mtdb.vnfc_mtdb1|LINK_TO_SH_DOWN
vdu_mtdb.vnfc_mtdb2|LINK_TO_LOGIC_DOWN
vdu_mtdb.vnfc_mtdb2|LINK_TO_PEER_DIAGW_DOWN
vdu_mtdb.vnfc_mtdb2|LINK_TO_PEER_SIPGW_DOWN
vdu_mtdb.vnfc_mtdb2|THRESHOLD_CROSSING
vdu_mtdb.vnfc_mtdb3|LINK_TO_MP_DOWN
vdu_mtdb.vnfc_mtdb3|LINK_TO_PEER_SIPGW_DOWN
vdu_mtdb.vnfc_mtdb4|LINK_TO_PEER_SIPGW_DOWN
vdu_mtdb.vnfc_mtdb4|THRESHOLD_CROSSING
vdu_mtdia.vnfc_mtdia1|LINK_TO_PEER_DIAGW_DOWN
vdu_mtdia.vnfc_mtdia1|LINK_TO_PEER_SIPGW_DOWN
vdu_mtdia.vnfc_mtdia1|THRESHOLD_CROSSING
vdu_mtdia.vnfc_mtdia2|LINK_TO_PEER_SIPGW_DOWN
vdu_mtdia.vnfc_mtdia2|THRESHOLD_CROSSING
vdu_mtdia.vnfc_mtdia3|CONGESTION
vdu_mtdia.vnfc_mtdia3|LINK_TO_DIA_DOWN
vdu_mtdia.vnfc_mtdia3|LINK_TO_DNSGW_DOWN
vdu_mtdia.vnfc_mtdia3|LINK_TO_LOGIC_DOWN
vdu_mtdia.vnfc_mtdia3|LINK_TO_PEER_DIAGW_DOWN
vdu_mtdia.vnfc_mtdia3|LINK_TO_PEER_SIPGW_DOWN
vdu_mtdia.vnfc_mtdia3|THRESHOLD_CROSSING
vdu_mtdns.vnfc_mtdns1|LINK_TO_DNSGW_DOWN
vdu_mtdns.vnfc_mtdns1|LINK_TO_PEER_DIAGW_DOWN
vdu_mtdns.vnfc_mtdns1|LINK_TO_PEER_SIPGW_DOWN
vdu_mtdns.vnfc_mtdns1|LINK_TO_SH_DOWN
vdu_mtdns.vnfc_mtdns2|LINK_TO_DIAGW_DOWN
vdu_mtdns.vnfc_mtdns2|LINK_TO_DIA_DOWN
vdu_mtdns.vnfc_mtdns2|LINK_TO_PEER_DIAGW_DOWN
vdu_mtdns.vnfc_mtdns2|LINK_TO_PEER_SIPGW_DOWN
vdu_mtdns.vnfc_mtdns2|LINK_TO_RO_DOWN
vdu_mtdns.vnfc_mtdns2|THRESHOLD_CROSSING
vdu_mtdns.vnfc_mtdns3|CONGESTION
vdu_mtdns.vnfc_mtdns3|LINK_TO_LOGIC_DOWN
vdu_mtdns.vnfc_mtdns3|LINK_TO_PEER_SIPGW_DOWN
vdu_mtdns.vnfc_mtdns3|THRESHOLD_CROSSING
vdu_mtlg.tr_MMTelMobileRegistrationRegisterTotal_decrease_rate|LINK_TO_DIA_DOWN
vdu_mtlg.tr_MMTelMobileRegistrationRegisterTotal_decrease_rate|LINK_TO_LOGIC_DOWN
vdu_mtlg.tr_MMTelMobileRegistrationRegisterTotal_decrease_rate|LINK_TO_PEER_SIPGW_DOWN
vdu_mtlg.tr_MMTelMobileRegistrationRegisterTotal_decrease_rate|THRESHOLD_CROSSING
vdu_mtlg.tr_MMTelMobileRegistrationRegisterTotal_increase_rate|LINK_TO_LOGIC_DOWN
vdu_mtlg.tr_MMTelMobileRegistrationRegisterTotal_increase_rate|LINK_TO_PEER_DIAGW_DOWN
vdu_mtlg.tr_MMTelMobileRegistrationRegisterTotal_increase_rate|LINK_TO_PEER_SIPGW_DOWN
vdu_mtlg.tr_MMTelMobileRegistrationRegisterTotal_increase_rate|THRESHOLD_CROSSING
vdu_mtlg.tr_MMTelMobileTermSessionInviteTotal_decrease_rate|LINK_TO_LOGIC_DOWN
vdu_mtlg.tr_MMTelMobileTermSessionInviteTotal_decrease_rate|LINK_TO_PEER_SIPGW_DOWN
vdu_mtlg.tr_MMTelMobileTermSessionInviteTotal_decrease_rate|LINK_TO_SH_DOWN
vdu_mtlg.tr_MMTelMobileTermSessionInviteTotal_decrease_rate|THRESHOLD_CROSSING
vdu_mtlg.tr_MMTelMobileTermSessionInviteTotal_increase_rate|LINK_TO_PEER_SIPGW_DOWN
vdu_mtlg.tr_MMTelMobileTermSessionInviteTotal_increase_rate|THRESHOLD_CROSSING
vdu_mtlg.tr_MMTelRegisterUsers_decrease_rate|LINK_TO_DNSGW_DOWN
vdu_mtlg.tr_MMTelRegisterUsers_decrease_rate|LINK_TO_PEER_SIPGW_DOWN
vdu_mtlg.tr_MMTelRegisterUsers_decrease_rate|LINK_TO_SH_DOWN
vdu_mtlg.tr_MMTelRegisterUsers_decrease_rate|THRESHOLD_CROSSING
vdu_mtlg.tr_srvcc_success_ratio|CONGESTION
vdu_mtlg.tr_srvcc_success_ratio|LINK_TO_DIAGW_DOWN
vdu_mtlg.tr_srvcc_success_ratio|LINK_TO_DNS_SERVER_DOWN
vdu_mtlg.tr_srvcc_success_ratio|LINK_TO_LOGIC_DOWN
vdu_mtlg.tr_srvcc_success_ratio|LINK_TO_MP_DOWN
vdu_mtlg.tr_srvcc_success_ratio|LINK_TO_PEER_DIAGW_DOWN
vdu_mtlg.tr_srvcc_success_ratio|LINK_TO_PEER_SIPGW_DOWN
vdu_mtlg.tr_srvcc_success_ratio|THRESHOLD_CROSSING
vdu_mtlg.vnfc_mtlg1|CONGESTION
vdu_mtlg.vnfc_mtlg1|LINK_TO_DIAGW_DOWN
vdu_mtlg.vnfc_mtlg1|LINK_TO_DNS_SERVER_DOWN
vdu_mtlg.vnfc_mtlg1|LINK_TO_LOGIC_DOWN
vdu_mtlg.vnfc_mtlg1|LINK_TO_MP_DOWN
vdu_mtlg.vnfc_mtlg1|LINK_TO_PEER_DIAGW_DOWN
vdu_mtlg.vnfc_mtlg1|LINK_TO_PEER_SIPGW_DOWN
vdu_mtlg.vnfc_mtlg1|LINK_TO_RO_DOWN
vdu_mtlg.vnfc_mtlg1|THRESHOLD_CROSSING
vdu_mtlg.vnfc_mtlg2|LINK_TO_PEER_SIPGW_DOWN
vdu_mtlg.vnfc_mtlg2|LINK_TO_RO_DOWN
vdu_mtlg.vnfc_mtlg2|LINK_TO_SH_DOWN
vdu_mtlg.vnfc_mtlg2|THRESHOLD_CROSSING
vdu_mtlg.vnfc_mtlg3|LINK_TO_DIA_DOWN
vdu_mtlg.vnfc_mtlg3|LINK_TO_DNSGW_DOWN
vdu_mtlg.vnfc_mtlg3|LINK_TO_PEER_SIPGW_DOWN
vdu_mtlg.vnfc_mtlg3|THRESHOLD_CROSSING
vdu_mtlg.vnfc_mtlg4|CONGESTION
vdu_mtlg.vnfc_mtlg4|LINK_TO_DIA_DOWN
vdu_mtlg.vnfc_mtlg4|LINK_TO_MP_DOWN
vdu_mtlg.vnfc_mtlg4|LINK_TO_PEER_DIAGW_DOWN
vdu_mtlg.vnfc_mtlg4|LINK_TO_PEER_SIPGW_DOWN
vdu_mtlg.vnfc_mtlg4|THRESHOLD_CROSSING
vdu_mtlg.vnfc_mtlg5|LINK_TO_DNSGW_DOWN
vdu_mtlg.vnfc_mtlg5|LINK_TO_PEER_SIPGW_DOWN
vdu_mtlg.vnfc_mtlg5|LINK_TO_SH_DOWN
vdu_mtlg.vnfc_mtlg5|THRESHOLD_CROSSING
vdu_mtlg.vnfc_mtlg6|CONGESTION
vdu_mtlg.vnfc_mtlg6|LINK_TO_DIAGW_DOWN
vdu_mtlg.vnfc_mtlg6|LINK_TO_DNSGW_DOWN
vdu_mtlg.vnfc_mtlg6|LINK_TO_LOGIC_DOWN
vdu_mtlg.vnfc_mtlg6|LINK_TO_MP_DOWN
vdu_mtlg.vnfc_mtlg6|LINK_TO_PEER_SIPGW_DOWN
vdu_mtlg.vnfc_mtlg6|THRESHOLD_CROSSING
vdu_mtlg.vnfc_mtlg7|LINK_TO_LOGIC_DOWN
vdu_mtlg.vnfc_mtlg7|LINK_TO_MP_DOWN
vdu_mtlg.vnfc_mtlg7|LINK_TO_PEER_SIPGW_DOWN
vdu_mtlg.vnfc_mtlg7|THRESHOLD_CROSSING
vdu_mtlg.vnfc_mtlg8|LINK_TO_DIAGW_DOWN
vdu_mtlg.vnfc_mtlg8|LINK_TO_DIA_DOWN
vdu_mtlg.vnfc_mtlg8|LINK_TO_DNSGW_DOWN
vdu_mtlg.vnfc_mtlg8|LINK_TO_LOGIC_DOWN
vdu_mtlg.vnfc_mtlg8|LINK_TO_PEER_SIPGW_DOWN
vdu_mtlg.vnfc_mtlg8|THRESHOLD_CROSSING
vdu_mtsip.vnfc_mtsip1|CONGESTION
vdu_mtsip.vnfc_mtsip1|LINK_TO_DIA_DOWN
vdu_mtsip.vnfc_mtsip1|LINK_TO_MP_DOWN
vdu_mtsip.vnfc_mtsip1|LINK_TO_PEER_SIPGW_DOWN
vdu_mtsip.vnfc_mtsip1|LINK_TO_SH_DOWN
vdu_mtsip.vnfc_mtsip1|THRESHOLD_CROSSING
vdu_mtsip.vnfc_mtsip2|LINK_TO_DIAGW_DOWN
vdu_mtsip.vnfc_mtsip2|LINK_TO_LOGIC_DOWN
vdu_mtsip.vnfc_mtsip2|LINK_TO_PEER_DIAGW_DOWN
vdu_mtsip.vnfc_mtsip2|LINK_TO_PEER_SIPGW_DOWN
vdu_mtsip.vnfc_mtsip3|LINK_TO_DNSGW_DOWN
vdu_mtsip.vnfc_mtsip3|LINK_TO_PEER_DIAGW_DOWN
vdu_mtsip.vnfc_mtsip3|LINK_TO_PEER_SIPGW_DOWN
vdu_mtsip.vnfc_mtsip3|LINK_TO_SH_DOWN
vdu_mtsip.vnfc_mtsip3|THRESHOLD_CROSSING
vdu_sbdb.vnfc_sbdb1|LINK_TO_DIA_DOWN
vdu_sbdb.vnfc_sbdb1|LINK_TO_DNSGW_DOWN
vdu_sbdb.vnfc_sbdb1|LINK_TO_PEER_SIPGW_DOWN
vdu_sbdb.vnfc_sbdb1|THRESHOLD_CROSSING
vdu_sbdb.vnfc_sbdb2|LINK_TO_DIA_DOWN
vdu_sbdb.vnfc_sbdb2|LINK_TO_DNSGW_DOWN
vdu_sbdb.vnfc_sbdb2|LINK_TO_LOGIC_DOWN
vdu_sbdb.vnfc_sbdb2|LINK_TO_PEER_DIAGW_DOWN
vdu_sbdb.vnfc_sbdb2|LINK_TO_PEER_SIPGW_DOWN
vdu_sbdb.vnfc_sbdb2|LINK_TO_SH_DOWN
vdu_sbdb.vnfc_sbdb2|THRESHOLD_CROSSING
vdu_sbdb.vnfc_sbdb3|CONGESTION
vdu_sbdb.vnfc_sbdb3|LINK_TO_DIA_DOWN
vdu_sbdb.vnfc_sbdb3|LINK_TO_PEER_DIAGW_DOWN
vdu_sbdb.vnfc_sbdb3|LINK_TO_PEER_SIPGW_DOWN
vdu_sbdb.vnfc_sbdb3|THRESHOLD_CROSSING
vdu_sbdia.vnfc_sbdia1|CONGESTION
vdu_sbdia.vnfc_sbdia1|LINK_TO_PEER_SIPGW_DOWN
vdu_sbdia.vnfc_sbdia1|LINK_TO_RO_DOWN
vdu_sbdia.vnfc_sbdia1|THRESHOLD_CROSSING
vdu_sbdia.vnfc_sbdia2|LINK_TO_DIAGW_DOWN
vdu_sbdia.vnfc_sbdia2|LINK_TO_DIA_DOWN
vdu_sbdia.vnfc_sbdia2|LINK_TO_PEER_SIPGW_DOWN
vdu_sbdia.vnfc_sbdia2|THRESHOLD_CROSSING
vdu_sbdia.vnfc_sbdia3|LINK_TO_DIAGW_DOWN
vdu_sbdia.vnfc_sbdia3|LINK_TO_DNSGW_DOWN
vdu_sbdia.vnfc_sbdia3|LINK_TO_PEER_SIPGW_DOWN
vdu_sbdia.vnfc_sbdia3|THRESHOLD_CROSSING
vdu_sbdns.vnfc_sbdns1|LINK_TO_LOGIC_DOWN
vdu_sbdns.vnfc_sbdns1|LINK_TO_PEER_SIPGW_DOWN
vdu_sbdns.vnfc_sbdns2|LINK_TO_PEER_SIPGW_DOWN
vdu_sbdns.vnfc_sbdns2|LINK_TO_RO_DOWN
vdu_sblg.sbc_register_error_from_core_network_rate|LINK_TO_LOGIC_DOWN
vdu_sblg.sbc_register_error_from_core_network_rate|LINK_TO_PEER_SIPGW_DOWN
vdu_sblg.tr_call_setup_time|LINK_TO_DNSGW_DOWN
vdu_sblg.tr_call_setup_time|LINK_TO_PEER_DIAGW_DOWN
vdu_sblg.tr_call_setup_time|LINK_TO_PEER_SIPGW_DOWN
vdu_sblg.tr_call_setup_time|THRESHOLD_CROSSING
vdu_sblg.tr_sbcAARMediaBearerSuccRate|LINK_TO_PEER_SIPGW_DOWN
vdu_sblg.tr_sbcAARMediaBearerSuccRate|THRESHOLD_CROSSING
vdu_sblg.tr_sbcCounterSipPaToREGISTERInc_decrease_rate|CONGESTION
vdu_sblg.tr_sbcCounterSipPaToREGISTERInc_decrease_rate|LINK_TO_DIA_DOWN
vdu_sblg.tr_sbcCounterSipPaToREGISTERInc_decrease_rate|LINK_TO_LOGIC_DOWN
vdu_sblg.tr_sbcCounterSipPaToREGISTERInc_decrease_rate|LINK_TO_PEER_SIPGW_DOWN
vdu_sblg.tr_sbcCounterSipPaToREGISTERInc_decrease_rate|THRESHOLD_CROSSING
vdu_sblg.tr_sbcCounterSipPaToREGISTERInc_increase_rate|LINK_TO_DIA_DOWN
vdu_sblg.tr_sbcCounterSipPaToREGISTERInc_increase_rate|LINK_TO_PEER_DIAGW_DOWN
vdu_sblg.tr_sbcCounterSipPaToREGISTERInc_increase_rate|LINK_TO_PEER_SIPGW_DOWN
vdu_sblg.tr_sbcCounterSipPaToREGISTERInc_increase_rate|THRESHOLD_CROSSING
vdu_sblg.tr_sbcCounterTotAudioMoSession_increase_rate|LINK_TO_DIA_DOWN
vdu_sblg.tr_sbcCounterTotAudioMoSession_increase_rate|LINK_TO_MP_DOWN
vdu_sblg.tr_sbcCounterTotAudioMoSession_increase_rate|LINK_TO_PEER_DIAGW_DOWN
vdu_sblg.tr_sbcCounterTotAudioMoSession_increase_rate|LINK_TO_PEER_SIPGW_DOWN
vdu_sblg.tr_sbcCounterTotAudioMoSession_increase_rate|LINK_TO_SH_DOWN
vdu_sblg.tr_sbcCounterTotAudioMtSession_decrease_rate|LINK_TO_DIAGW_DOWN
vdu_sblg.tr_sbcCounterTotAudioMtSession_decrease_rate|LINK_TO_DIA_DOWN
vdu_sblg.tr_sbcCounterTotAudioMtSession_decrease_rate|LINK_TO_LOGIC_DOWN
vdu_sblg.tr_sbcCounterTotAudioMtSession_decrease_rate|LINK_TO_PEER_SIPGW_DOWN
vdu_sblg.tr_sbcCounterTotAudioMtSession_decrease_rate|LINK_TO_RO_DOWN
vdu_sblg.tr_sbcCounterTotAudioMtSession_decrease_rate|THRESHOLD_CROSSING
vdu_sblg.tr_sbcCounterTotAudioMtSession_increase_rate|LINK_TO_DIAGW_DOWN
vdu_sblg.tr_sbcCounterTotAudioMtSession_increase_rate|LINK_TO_DIA_DOWN
vdu_sblg.tr_sbcCounterTotAudioMtSession_increase_rate|LINK_TO_LOGIC_DOWN
vdu_sblg.tr_sbcCounterTotAudioMtSession_increase_rate|LINK_TO_MP_DOWN
vdu_sblg.tr_sbcCounterTotAudioMtSession_increase_rate|LINK_TO_PEER_DIAGW_DOWN
vdu_sblg.tr_sbcCounterTotAudioMtSession_increase_rate|LINK_TO_PEER_SIPGW_DOWN
vdu_sblg.tr_sbcCounterTotAudioMtSession_increase_rate|LINK_TO_SH_DOWN
vdu_sblg.tr_sbcTotalClientConnections_decrease_rate|LINK_TO_LOGIC_DOWN
vdu_sblg.tr_sbcTotalClientConnections_decrease_rate|LINK_TO_MP_DOWN
vdu_sblg.tr_sbcTotalClientConnections_decrease_rate|LINK_TO_PEER_SIPGW_DOWN
vdu_sblg.tr_sbcTotalClientConnections_decrease_rate|LINK_TO_SH_DOWN
vdu_sblg.tr_sbcTotalClientConnections_decrease_rate|THRESHOLD_CROSSING
vdu_sblg.tr_sbc_invite_error_from_core_network_rate|CONGESTION
vdu_sblg.tr_sbc_invite_error_from_core_network_rate|LINK_TO_PEER_DIAGW_DOWN
vdu_sblg.tr_sbc_invite_error_from_core_network_rate|LINK_TO_PEER_SIPGW_DOWN
vdu_sblg.tr_sbc_invite_error_from_core_network_rate|THRESHOLD_CROSSING
vdu_sblg.tr_successful_call_setup_rate|LINK_TO_LOGIC_DOWN
vdu_sblg.tr_successful_call_setup_rate|LINK_TO_PEER_SIPGW_DOWN
vdu_sblg.tr_successful_call_setup_rate|LINK_TO_SH_DOWN
vdu_sblg.tr_successful_call_setup_rate|THRESHOLD_CROSSING
vdu_sblg.tr_successful_registration_rate|CONGESTION
vdu_sblg.tr_successful_registration_rate|LINK_TO_DIA_DOWN
vdu_sblg.tr_successful_registration_rate|LINK_TO_LOGIC_DOWN
vdu_sblg.tr_successful_registration_rate|LINK_TO_MP_DOWN
vdu_sblg.tr_successful_registration_rate|LINK_TO_PEER_DIAGW_DOWN
vdu_sblg.tr_successful_registration_rate|LINK_TO_PEER_SIPGW_DOWN
vdu_sblg.tr_successful_registration_rate|LINK_TO_SH_DOWN
vdu_sblg.tr_successful_registration_rate|THRESHOLD_CROSSING
vdu_sblg.vnfc_sblg1|LINK_TO_DIA_DOWN
vdu_sblg.vnfc_sblg1|LINK_TO_LOGIC_DOWN
vdu_sblg.vnfc_sblg1|LINK_TO_MP_DOWN
vdu_sblg.vnfc_sblg1|LINK_TO_PEER_DIAGW_DOWN
vdu_sblg.vnfc_sblg1|LINK_TO_PEER_SIPGW_DOWN
vdu_sblg.vnfc_sblg1|LINK_TO_RO_DOWN
vdu_sblg.vnfc_sblg1|THRESHOLD_CROSSING
vdu_sblg.vnfc_sblg2|LINK_TO_DIAGW_DOWN
vdu_sblg.vnfc_sblg2|LINK_TO_DIA_DOWN
vdu_sblg.vnfc_sblg2|LINK_TO_DNSGW_DOWN
vdu_sblg.vnfc_sblg2|LINK_TO_PEER_SIPGW_DOWN
vdu_sblg.vnfc_sblg2|THRESHOLD_CROSSING
vdu_sblg.vnfc_sblg3|LINK_TO_LOGIC_DOWN
vdu_sblg.vnfc_sblg3|LINK_TO_MP_DOWN
vdu_sblg.vnfc_sblg3|LINK_TO_PEER_SIPGW_DOWN
vdu_sblg.vnfc_sblg3|LINK_TO_SH_DOWN
vdu_sblg.vnfc_sblg3|THRESHOLD_CROSSED
vdu_sblg.vnfc_sblg3|THRESHOLD_CROSSING
vdu_sblg.vnfc_sblg4|LINK_TO_PEER_SIPGW_DOWN
vdu_sblg.vnfc_sblg4|THRESHOLD_CROSSING
vdu_sblg.vnfc_sblg5|LINK_TO_DIAGW_DOWN
vdu_sblg.vnfc_sblg5|LINK_TO_DIA_DOWN
vdu_sblg.vnfc_sblg5|LINK_TO_DNSGW_DOWN
vdu_sblg.vnfc_sblg5|LINK_TO_PEER_DIAGW_DOWN
vdu_sblg.vnfc_sblg5|LINK_TO_PEER_SIPGW_DOWN
vdu_sblg.vnfc_sblg5|LINK_TO_RO_DOWN
vdu_sbsipc.vnfc_sbsipc1|CONGESTION
vdu_sbsipc.vnfc_sbsipc1|LINK_TO_DIA_DOWN
vdu_sbsipc.vnfc_sbsipc1|LINK_TO_DNSGW_DOWN
vdu_sbsipc.vnfc_sbsipc1|LINK_TO_DNS_SERVER_DOWN
vdu_sbsipc.vnfc_sbsipc1|LINK_TO_LOGIC_DOWN
vdu_sbsipc.vnfc_sbsipc1|LINK_TO_MP_DOWN
vdu_sbsipc.vnfc_sbsipc1|LINK_TO_PEER_DIAGW_DOWN
vdu_sbsipc.vnfc_sbsipc1|LINK_TO_PEER_SIPGW_DOWN
vdu_sbsipc.vnfc_sbsipc1|LINK_TO_RO_DOWN
vdu_sbsipc.vnfc_sbsipc1|LINK_TO_SH_DOWN
vdu_sbsipc.vnfc_sbsipc1|THRESHOLD_CROSSING
vdu_sbsipc.vnfc_sbsipc2|CONGESTION
vdu_sbsipc.vnfc_sbsipc2|LINK_TO_DIAGW_DOWN
vdu_sbsipc.vnfc_sbsipc2|LINK_TO_MP_DOWN
vdu_sbsipc.vnfc_sbsipc2|LINK_TO_PEER_SIPGW_DOWN
vdu_sbsipc.vnfc_sbsipc2|LINK_TO_SH_DOWN
vdu_sbsipc.vnfc_sbsipc2|THRESHOLD_CROSSING
vdu_sbsipc.vnfc_sbsipc3|LINK_TO_LOGIC_DOWN
vdu_sbsipc.vnfc_sbsipc3|LINK_TO_PEER_SIPGW_DOWN
vdu_scsip.vnfc_scsip1|LINK_TO_PEER_SIPGW_DOWN
vdu_scsip.vnfc_scsip1|LINK_TO_RO_DOWN
vdu_scsip.vnfc_scsip1|THRESHOLD_CROSSING
vdu_scsip.vnfc_scsip2|LINK_TO_LOGIC_DOWN
vdu_scsip.vnfc_scsip2|LINK_TO_PEER_SIPGW_DOWN
vdu_scsip.vnfc_scsip2|THRESHOLD_CROSSING
vdu_scsip.vnfc_scsip3|LINK_TO_DIAGW_DOWN
vdu_scsip.vnfc_scsip3|LINK_TO_PEER_SIPGW_DOWN
vdu_scsip.vnfc_scsip3|LINK_TO_SH_DOWN
vdu_scsip.vnfc_scsip3|THRESHOLD_CROSSING
vdu_scsip.vnfc_scsip4|CONGESTION
vdu_scsip.vnfc_scsip4|LINK_TO_MP_DOWN
vdu_scsip.vnfc_scsip4|LINK_TO_PEER_DIAGW_DOWN
vdu_scsip.vnfc_scsip4|LINK_TO_PEER_SIPGW_DOWN
vdu_scsip.vnfc_scsip4|THRESHOLD_CROSSING
vdu_udia.vnfc_udia1|LINK_TO_DIA_DOWN
vdu_udia.vnfc_udia1|LINK_TO_LOGIC_DOWN
vdu_udia.vnfc_udia1|LINK_TO_PEER_SIPGW_DOWN
vdu_udia.vnfc_udia1|THRESHOLD_CROSSING
vdu_udia.vnfc_udia2|LINK_TO_DIA_DOWN
vdu_udia.vnfc_udia2|LINK_TO_PEER_SIPGW_DOWN
vdu_udia.vnfc_udia2|LINK_TO_SH_DOWN